id,paragraph,source,category
1,"Machine learning is a subset of artificial intelligence that focuses on developing systems that learn from data.",Introduction to AI,Technology
2,"Neural networks are computing systems inspired by the biological neural networks that constitute animal brains.",Deep Learning Basics,Technology
3,"Vector embeddings represent words or documents as points in a high-dimensional space.",NLP Fundamentals,Technology
4,"Reinforcement learning is an area of machine learning concerned with how intelligent agents ought to take actions in an environment to maximize the notion of cumulative reward.",Advanced ML Techniques,Technology
5,"Natural language processing (NLP) is a subfield of linguistics, computer science, and artificial intelligence concerned with the interactions between computers and human language.",Language Technology,Technology
6,"Computer vision is an interdisciplinary scientific field that deals with how computers can gain high-level understanding from digital images or videos.",Vision Systems,Technology
7,"Deep learning models require substantial amounts of data to train effectively compared to traditional machine learning approaches.",ML Best Practices,Technology
8,"Transfer learning is a research problem in machine learning that focuses on storing knowledge gained while solving one problem and applying it to a different but related problem.",ML Techniques,Technology
9,"Generative AI refers to artificial intelligence systems that can generate new content, including text, images, audio, and video.",Creative AI,Technology
10,"The Transformer architecture, introduced in 2017, revolutionized natural language processing through its attention mechanism.",NLP Breakthroughs,Technology
11,"Convolutional Neural Networks (CNNs) are particularly effective for image recognition and processing tasks.",Computer Vision,Technology
12,"Recurrent Neural Networks (RNNs) are designed to recognize patterns in sequences of data, such as text, genomes, handwriting, or speech.",Sequential Data,Technology
13,"Python has become the dominant programming language in the field of data science and machine learning.",Programming for ML,Technology
14,"TensorFlow and PyTorch are two of the most popular frameworks for building and training neural networks.",ML Frameworks,Technology
15,"Feature engineering is the process of using domain knowledge to extract features from raw data that make machine learning algorithms work better.",Data Preparation,Technology
16,"Unsupervised learning is a type of machine learning algorithm used to draw inferences from datasets consisting of input data without labeled responses.",Learning Paradigms,Technology
17,"Semi-supervised learning falls between unsupervised learning and supervised learning, using both labeled and unlabeled data for training.",Hybrid Approaches,Technology
18,"A GPU (Graphics Processing Unit) can significantly accelerate deep learning training compared to a CPU due to its parallel computing architecture.",Hardware for AI,Technology
19,"The bias-variance tradeoff is a central problem in supervised learning, balancing the model's ability to fit the training data versus its ability to generalize.",ML Theory,Technology
20,"Overfitting occurs when a machine learning model learns the detail and noise in the training data to the extent that it negatively impacts the model's performance on new data.",ML Challenges,Technology
21,"Regularization techniques like L1 and L2 help prevent overfitting by adding a penalty term to the loss function.",Model Optimization,Technology
22,"Cross-validation is a resampling procedure used to evaluate machine learning models on a limited data sample.",Evaluation Methods,Technology
23,"A confusion matrix is a table used to evaluate the performance of a classification model by comparing predicted labels with actual labels.",Performance Metrics,Technology
24,"Precision and recall are two important metrics used to evaluate the performance of classification models, especially in imbalanced datasets.",Classification Evaluation,Technology
25,"The F1 score is the harmonic mean of precision and recall, providing a single metric that balances both concerns.",Balanced Metrics,Technology
26,"Hyperparameter tuning is the process of finding the optimal set of hyperparameters for a machine learning algorithm.",Model Optimization,Technology
27,"Gradient descent is an optimization algorithm used to minimize a function by iteratively moving in the direction of steepest descent.",Optimization Techniques,Technology
28,"Backpropagation is a widely used algorithm for training feedforward neural networks, using gradient descent to adjust weights.",Neural Network Training,Technology
29,"Ensemble methods combine multiple machine learning models to improve overall performance and robustness.",Advanced Techniques,Technology
30,"Random forests are an ensemble learning method for classification and regression that construct multiple decision trees during training.",Tree-based Methods,Technology
31,"Support Vector Machines (SVMs) are supervised learning models used for classification and regression analysis.",Classical ML,Technology
32,"K-means clustering is an unsupervised learning algorithm that partitions data into k distinct clusters based on distance to the centroid of a cluster.",Clustering Techniques,Technology
33,"Principal Component Analysis (PCA) is a dimensionality reduction technique that transforms data into a new coordinate system.",Dimensionality Reduction,Technology
34,"Word2Vec is a technique for natural language processing that represents words as vectors in a continuous vector space.",Word Embeddings,Technology
35,"BERT (Bidirectional Encoder Representations from Transformers) revolutionized NLP by using bidirectional training of transformers.",Language Models,Technology
36,"GPT (Generative Pre-trained Transformer) models are autoregressive language models that use deep learning to produce human-like text.",Text Generation,Technology
37,"Federated learning is an approach that trains an algorithm across multiple decentralized devices holding local data samples.",Distributed Learning,Technology
38,"Ethical AI focuses on developing artificial intelligence systems that are fair, transparent, and accountable.",AI Ethics,Technology
39,"Model interpretability refers to the degree to which a human can understand the cause of a machine learning model's decision.",Explainable AI,Technology
40,"Autonomous vehicles rely heavily on machine learning algorithms for perception, decision-making, and control.",AI Applications,Transportation
41,"Recommender systems use machine learning to suggest items to users based on their preferences and behavior.",AI Applications,E-commerce
42,"Healthcare AI applications include disease diagnosis, drug discovery, and personalized treatment recommendations.",AI Applications,Healthcare
43,"Computer programming is the process of designing and building an executable computer program to accomplish a specific task.",Software Development,Technology
44,"Java is a class-based, object-oriented programming language designed for having fewer implementation dependencies.",Programming Languages,Technology
45,"JavaScript is a high-level, interpreted programming language that conforms to the ECMAScript specification.",Web Development,Technology
46,"Object-oriented programming (OOP) is a programming paradigm based on the concept of objects, which can contain data and code.",Programming Paradigms,Technology
47,"Functional programming is a programming paradigm where programs are constructed by applying and composing functions.",Programming Approaches,Technology
48,"Application Programming Interfaces (APIs) allow different software applications to communicate with each other.",Software Integration,Technology
49,"DevOps is a set of practices that combines software development (Dev) and IT operations (Ops) to shorten the development lifecycle.",Development Practices,Technology
50,"Continuous Integration/Continuous Deployment (CI/CD) is a method to frequently deliver apps to customers by introducing automation.",Deployment Strategies,Technology
51,"Cloud computing is the delivery of computing services over the internet to offer faster innovation and flexible resources.",Cloud Services,Technology
52,"Serverless computing is a cloud computing execution model where the cloud provider runs the server and dynamically manages resource allocation.",Cloud Architecture,Technology
53,"Infrastructure as Code (IaC) is the process of managing and provisioning computer data centers through machine-readable definition files.",DevOps Practices,Technology
54,"Microservices architecture is an approach to developing a single application as a suite of small services, each running in its own process.",System Design,Technology
55,"Containers are a form of operating system virtualization that makes applications portable and efficient.",Deployment Technology,Technology
56,"Docker is a set of platform as a service products that use OS-level virtualization to deliver software in packages called containers.",Containerization,Technology
57,"Kubernetes is an open-source platform designed to automate deploying, scaling, and operating application containers.",Container Orchestration,Technology
58,"Big data refers to extremely large data sets that may be analyzed computationally to reveal patterns, trends, and associations.",Data Management,Technology
59,"Hadoop is an open-source software framework for storing data and running applications on clusters of commodity hardware.",Distributed Systems,Technology
60,"Apache Spark is an open-source unified analytics engine for large-scale data processing, with modules for SQL, streaming, machine learning, and graph processing.",Data Processing,Technology
61,"Data warehousing is the process of collecting and managing data from varied sources to provide meaningful business insights.",Data Infrastructure,Technology
62,"SQL (Structured Query Language) is a domain-specific language used for managing and manipulating relational databases.",Database Technology,Technology
63,"NoSQL databases provide a mechanism for storage and retrieval of data that is modeled in means other than the tabular relations used in relational databases.",Database Types,Technology
64,"MongoDB is a source-available cross-platform document-oriented database program classified as a NoSQL database.",NoSQL Databases,Technology
65,"ETL (Extract, Transform, Load) is a process in data warehousing responsible for pulling data out of source systems and placing it into a data warehouse.",Data Integration,Technology
66,"Data visualization is the graphical representation of information and data using visual elements like charts, graphs, and maps.",Data Communication,Technology
67,"Tableau is a visual analytics platform that helps people see and understand their data through interactive visualizations.",Visualization Tools,Technology
68,"Power BI is a business analytics service by Microsoft that provides interactive visualizations with self-service business intelligence capabilities.",Business Intelligence,Technology
69,"Cybersecurity is the practice of protecting systems, networks, and programs from digital attacks.",Information Security,Technology
70,"Encryption is the process of encoding information in such a way that only authorized parties can access it.",Data Protection,Technology
71,"Blockchain is a growing list of records, called blocks, that are linked using cryptography and are resistant to modification of the data.",Distributed Ledger,Technology
72,"Internet of Things (IoT) refers to the network of physical objects embedded with sensors, software, and other technologies for connecting and exchanging data.",Connected Devices,Technology
73,"Edge computing is a distributed computing paradigm that brings computation and data storage closer to the location where it is needed.",Computing Architecture,Technology
74,"5G is the fifth generation technology standard for cellular networks, promising higher data rates and more reliable connections.",Telecommunications,Technology
75,"Augmented reality (AR) is an interactive experience where real-world environments are enhanced with computer-generated perceptual information.",Immersive Technology,Technology
76,"Virtual reality (VR) is a simulated experience that can be similar to or completely different from the real world.",Immersive Technology,Technology
77,"Human-Computer Interaction (HCI) is a multidisciplinary field focused on the design of computer technology and the interaction between humans and computers.",User Experience,Technology
78,"User Experience (UX) design is the process design teams use to create products that provide meaningful and relevant experiences to users.",Design Principles,Technology
79,"Agile software development encompasses various approaches to software development under which requirements and solutions evolve through collaborative effort.",Development Methodology,Technology
80,"Scrum is an agile framework for developing, delivering, and sustaining complex products, with an emphasis on software development.",Project Management,Technology
81,"Technical debt is a concept in software development that reflects the implied cost of additional rework caused by choosing an easy solution now.",Development Concepts,Technology
82,"Open-source software is code that is designed to be publicly accessibleâ€”anyone can see, modify, and distribute the code as they see fit.",Software Licensing,Technology
83,"GitHub is a provider of Internet hosting for software development and version control using Git, offering distributed version control and source code management.",Development Tools,Technology
84,"Git is a distributed version-control system for tracking changes in source code during software development.",Version Control,Technology
85,"Digital transformation is the adoption of digital technology to transform services or businesses by replacing non-digital or manual processes with digital ones.",Business Strategy,Technology
86,"Industry 4.0 refers to the fourth industrial revolution, which encompasses automation, data exchange, and manufacturing technologies.",Industrial Innovation,Technology
87,"Artificial General Intelligence (AGI) refers to highly autonomous systems that outperform humans at most economically valuable work.",Advanced AI,Technology
88,"Robotics is an interdisciplinary branch of engineering and science that includes mechanical engineering, electronic engineering, and computer science.",Automation Technology,Technology
89,"Quantum computing is a type of computation that harnesses the collective properties of quantum states to perform calculations.",Emerging Technology,Technology
90,"Bioinformatics is an interdisciplinary field that develops methods and software tools for understanding biological data.",Computational Biology,Technology
91,"Fintech refers to new technology that seeks to improve and automate the delivery and use of financial services.",Financial Technology,Technology
92,"Smart cities use different types of electronic methods and sensors to collect data, which is used to manage assets and resources efficiently.",Urban Technology,Technology
93,"The Internet of Medical Things (IoMT) refers to the connected infrastructure of medical devices and software applications that connect to healthcare IT systems.",Healthcare Technology,Technology
94,"Nanotechnology is the manipulation of matter on an atomic, molecular, and supramolecular scale.",Materials Science,Technology
95,"Renewable energy technology focuses on generating energy from renewable resources such as sunlight, wind, rain, tides, and geothermal heat.",Energy Technology,Technology
96,"3D printing, or additive manufacturing, is the construction of a three-dimensional object from a CAD model or a digital 3D model.",Manufacturing Technology,Technology
97,"Brain-computer interfaces (BCIs) are direct communication pathways between the brain's electrical activity and an external device, typically a computer.",Neural Technology,Technology
98,"Smart home technology provides homeowners with convenience, comfort, security, and energy efficiency by allowing control over home systems remotely.",Home Automation,Technology
99,"Cryptography is the practice and study of techniques for secure communication in the presence of third parties called adversaries.",Security Technology,Technology
100,"Digital ethics addresses the moral problems related to data, algorithms, and corresponding practices to formulate and support morally good solutions.",Technology Ethics,Technology