posting_date,company_name,job_description
2024-09-01,Nexarion Inc.,"We're on the hunt for a talented software engineer to join our crew in Cupertino, CA. The salary range for this position is $120,000 - $180,000 per year. As a software engineer at Nexarion, you'll be responsible for crafting innovative software solutions that delight our users. You'll collaborate with our cross-functional teams to identify project requirements, prioritize tasks, and ensure our products meet the highest standards of quality and usability. Your day-to-day will include designing, developing, and testing software applications, as well as participating in code reviews and collaborative debugging. Requirements for this position include a bachelor's degree in computer science or a related field, and at least 5 years of experience in software development."
2024-08-25,Eonix Solutions,"About Us: We're a team of innovators and problem-solvers passionate about using data to drive business decisions. Our mission is to empower businesses to make data-driven decisions, and we're looking for a data scientist to join our team in New York, NY. 
### Responsibilities
* Analyzing complex data sets
* Developing predictive models
* Collaborating with cross-functional teams to drive business decisions
### Requirements
* Master's degree in data science or a related field
* At least 3 years of experience in data science
* Strong proficiency in languages such as R, Python, or SQL
The salary range for this position is $100,000 - $160,000 per year."
2024-09-10,Kaidon Technologies,"Job Title: Product Manager
Location: Redmond, WA
Job Type: Full-time
We're looking for a product manager to lead the development of new products at Kaidon. As a product manager, you'll be responsible for defining product vision and strategy, developing business cases and product plans, and ensuring our products meet the highest standards of quality and usability. You'll work closely with our cross-functional teams to prioritize and scope product features, and ensure products are delivered on time and within budget. We offer a comprehensive benefits package, including health insurance, retirement savings, and paid time off."
2024-08-30,Lumina Creative,"Our company is a dynamic and innovative startup that specializes in creating user-centered designs. We're seeking a UX designer to join our team in Seattle, WA. As a UX designer at Lumina, you'll be responsible for designing and developing user interfaces for our products and services. Your day-to-day will include developing user personas and user journeys, designing and testing prototypes, and conducting user research and usability testing. The ideal candidate will have a strong portfolio that showcases their skills and experience in UX design. 
We don't just offer a job, we offer a career. If you're a UX rockstar with a passion for creating user-centered designs, we want to hear from you."
2024-09-05,Voltara Inc.,"Job Summary: We're seeking an electrical engineer to join our team in Palo Alto, CA. As an electrical engineer at Voltara, you'll be responsible for designing and developing electrical systems for our products. You'll work closely with our cross-functional teams to identify and prioritize project requirements, develop and test electrical systems, and ensure our products meet the highest standards of quality and safety. 
Our company offers a unique and dynamic work environment, with a team of talented and passionate individuals who are dedicated to innovation and excellence. We're committed to providing our employees with the tools and resources they need to succeed, and we offer a comprehensive benefits package, including health insurance, retirement savings, and paid time off. The salary range for this position is $100,000 - $160,000 per year."
2024-09-15,Aurora Media,"Aurora Media is a leading provider of digital media solutions. We're seeking a content writer to join our team in Los Angeles, CA. As a content writer at Aurora, you'll be responsible for creating high-quality content for our website and social media channels. Your day-to-day will include writing and editing content, conducting research and interviews to gather information, and collaborating with our teams to develop content strategies. If you're a wordsmith with a passion for storytelling, we want to hear from you. 
### What We Offer
* Comprehensive benefits package
* Opportunities for professional growth and development
* Collaborative and dynamic work environment"
2024-08-20,Pulsar Marketing,"We're looking for a marketing manager to join our team in Chicago, IL. As a marketing manager at Pulsar, you'll be responsible for developing and executing marketing campaigns to drive user engagement and acquisition. You'll work closely with our cross-functional teams to identify and prioritize project requirements, develop marketing plans, and ensure our marketing efforts meet the highest standards of quality and effectiveness. 
The ideal candidate will have a strong understanding of marketing methodologies, and experience with project management tools such as Asana or Trello. We offer a salary range of $90,000 - $140,000 per year, depending on experience."
2024-09-20,Helix Research,"Helix Research is a cutting-edge research institution that specializes in advancing the field of artificial intelligence. We're seeking a research scientist to join our team in San Jose, CA. As a research scientist at Helix, you'll be responsible for conducting research and development in areas such as AI, machine learning, and data science. Your day-to-day will include designing and conducting experiments, analyzing and interpreting data, and collaborating with our teams to develop research plans. 
We're committed to providing our employees with the tools and resources they need to succeed, and we offer a comprehensive benefits package, including health insurance, retirement savings, and paid time off."
2024-08-15,Flux Solutions,"Job Summary: We're seeking a sales representative to join our team in Dallas, TX. As a sales representative at Flux, you'll be responsible for generating new sales leads and building relationships with clients. You'll work closely with our cross-functional teams to identify and prioritize project requirements, develop sales plans, and ensure our sales efforts meet the highest standards of quality and effectiveness. 
We offer a competitive salary and benefits package, and opportunities for professional growth and development. If you're a sales whiz with a passion for driving business growth, we want to hear from you."
2024-08-10,Cygnus Technologies,"Cygnus Technologies is a leading provider of innovative technology solutions. We're seeking a hardware engineer to join our team in Boston, MA. As a hardware engineer at Cygnus, you'll be responsible for designing and developing hardware components for our products. You'll work closely with our cross-functional teams to identify and prioritize project requirements, develop and test hardware components, and ensure our products meet the highest standards of quality and safety. 
The ideal candidate will have a strong proficiency in languages such as C++ or Python, and experience with electrical engineering tools such as SPICE or MATLAB. We offer a comprehensive benefits package, including health insurance, retirement savings, and paid time off. Salary is negotiable based on experience."
